InstanceType,AcceleratorName,AcceleratorCount,vCPUs,MemoryGiB,GpuInfo,Price,SpotPrice,Region,AvailabilityZone,Generation,QuotaGroup,PremiumStorageCapable
gpu_1x_gh200,GH200,1,64,432,"{'Gpus': [{'Name': 'GH200', 'Manufacturer': 'NVIDIA', 'Count': 1.0, 'MemoryInfo': {'SizeInMiB': 98304}}], 'TotalGpuMemoryInMiB': 98304}",2.29,,us-east-2,,,,
gpu_1x_gh200,GH200,1,64,432,"{'Gpus': [{'Name': 'GH200', 'Manufacturer': 'NVIDIA', 'Count': 1.0, 'MemoryInfo': {'SizeInMiB': 98304}}], 'TotalGpuMemoryInMiB': 98304}",2.29,,us-east-3,,,,
gpu_1x_gh200,GH200,1,64,432,"{'Gpus': [{'Name': 'GH200', 'Manufacturer': 'NVIDIA', 'Count': 1.0, 'MemoryInfo': {'SizeInMiB': 98304}}], 'TotalGpuMemoryInMiB': 98304}",2.29,,us-midwest-2,,,,
gpu_1x_gh200,GH200,1,64,432,"{'Gpus': [{'Name': 'GH200', 'Manufacturer': 'NVIDIA', 'Count': 1.0, 'MemoryInfo': {'SizeInMiB': 98304}}], 'TotalGpuMemoryInMiB': 98304}",2.29,,us-south-1,,,,
gpu_1x_gh200,GH200,1,64,432,"{'Gpus': [{'Name': 'GH200', 'Manufacturer': 'NVIDIA', 'Count': 1.0, 'MemoryInfo': {'SizeInMiB': 98304}}], 'TotalGpuMemoryInMiB': 98304}",2.29,,us-south-2,,,,
gpu_1x_gh200,GH200,1,64,432,"{'Gpus': [{'Name': 'GH200', 'Manufacturer': 'NVIDIA', 'Count': 1.0, 'MemoryInfo': {'SizeInMiB': 98304}}], 'TotalGpuMemoryInMiB': 98304}",2.29,,us-south-3,,,,
gpu_1x_gh200,GH200,1,64,432,"{'Gpus': [{'Name': 'GH200', 'Manufacturer': 'NVIDIA', 'Count': 1.0, 'MemoryInfo': {'SizeInMiB': 98304}}], 'TotalGpuMemoryInMiB': 98304}",2.29,,us-southeast-1,,,,
gpu_1x_gh200,GH200,1,64,432,"{'Gpus': [{'Name': 'GH200', 'Manufacturer': 'NVIDIA', 'Count': 1.0, 'MemoryInfo': {'SizeInMiB': 98304}}], 'TotalGpuMemoryInMiB': 98304}",2.29,,us-west-3,,,,
gpu_8x_h100_sxm5,H100,8,208,1800,"{'Gpus': [{'Name': 'H100', 'Manufacturer': 'NVIDIA', 'Count': 8.0, 'MemoryInfo': {'SizeInMiB': 81920}}], 'TotalGpuMemoryInMiB': 81920}",31.92,,us-east-2,,,,
gpu_8x_h100_sxm5,H100,8,208,1800,"{'Gpus': [{'Name': 'H100', 'Manufacturer': 'NVIDIA', 'Count': 8.0, 'MemoryInfo': {'SizeInMiB': 81920}}], 'TotalGpuMemoryInMiB': 81920}",31.92,,us-east-3,,,,
gpu_8x_h100_sxm5,H100,8,208,1800,"{'Gpus': [{'Name': 'H100', 'Manufacturer': 'NVIDIA', 'Count': 8.0, 'MemoryInfo': {'SizeInMiB': 81920}}], 'TotalGpuMemoryInMiB': 81920}",31.92,,us-midwest-2,,,,
gpu_8x_h100_sxm5,H100,8,208,1800,"{'Gpus': [{'Name': 'H100', 'Manufacturer': 'NVIDIA', 'Count': 8.0, 'MemoryInfo': {'SizeInMiB': 81920}}], 'TotalGpuMemoryInMiB': 81920}",31.92,,us-south-1,,,,
gpu_8x_h100_sxm5,H100,8,208,1800,"{'Gpus': [{'Name': 'H100', 'Manufacturer': 'NVIDIA', 'Count': 8.0, 'MemoryInfo': {'SizeInMiB': 81920}}], 'TotalGpuMemoryInMiB': 81920}",31.92,,us-south-2,,,,
gpu_8x_h100_sxm5,H100,8,208,1800,"{'Gpus': [{'Name': 'H100', 'Manufacturer': 'NVIDIA', 'Count': 8.0, 'MemoryInfo': {'SizeInMiB': 81920}}], 'TotalGpuMemoryInMiB': 81920}",31.92,,us-south-3,,,,
gpu_8x_h100_sxm5,H100,8,208,1800,"{'Gpus': [{'Name': 'H100', 'Manufacturer': 'NVIDIA', 'Count': 8.0, 'MemoryInfo': {'SizeInMiB': 81920}}], 'TotalGpuMemoryInMiB': 81920}",31.92,,us-southeast-1,,,,
gpu_8x_h100_sxm5,H100,8,208,1800,"{'Gpus': [{'Name': 'H100', 'Manufacturer': 'NVIDIA', 'Count': 8.0, 'MemoryInfo': {'SizeInMiB': 81920}}], 'TotalGpuMemoryInMiB': 81920}",31.92,,us-west-3,,,,
gpu_4x_h100_sxm5,H100,4,104,900,"{'Gpus': [{'Name': 'H100', 'Manufacturer': 'NVIDIA', 'Count': 4.0, 'MemoryInfo': {'SizeInMiB': 81920}}], 'TotalGpuMemoryInMiB': 81920}",16.36,,us-east-2,,,,
gpu_4x_h100_sxm5,H100,4,104,900,"{'Gpus': [{'Name': 'H100', 'Manufacturer': 'NVIDIA', 'Count': 4.0, 'MemoryInfo': {'SizeInMiB': 81920}}], 'TotalGpuMemoryInMiB': 81920}",16.36,,us-east-3,,,,
gpu_4x_h100_sxm5,H100,4,104,900,"{'Gpus': [{'Name': 'H100', 'Manufacturer': 'NVIDIA', 'Count': 4.0, 'MemoryInfo': {'SizeInMiB': 81920}}], 'TotalGpuMemoryInMiB': 81920}",16.36,,us-midwest-2,,,,
gpu_4x_h100_sxm5,H100,4,104,900,"{'Gpus': [{'Name': 'H100', 'Manufacturer': 'NVIDIA', 'Count': 4.0, 'MemoryInfo': {'SizeInMiB': 81920}}], 'TotalGpuMemoryInMiB': 81920}",16.36,,us-south-1,,,,
gpu_4x_h100_sxm5,H100,4,104,900,"{'Gpus': [{'Name': 'H100', 'Manufacturer': 'NVIDIA', 'Count': 4.0, 'MemoryInfo': {'SizeInMiB': 81920}}], 'TotalGpuMemoryInMiB': 81920}",16.36,,us-south-2,,,,
gpu_4x_h100_sxm5,H100,4,104,900,"{'Gpus': [{'Name': 'H100', 'Manufacturer': 'NVIDIA', 'Count': 4.0, 'MemoryInfo': {'SizeInMiB': 81920}}], 'TotalGpuMemoryInMiB': 81920}",16.36,,us-south-3,,,,
gpu_4x_h100_sxm5,H100,4,104,900,"{'Gpus': [{'Name': 'H100', 'Manufacturer': 'NVIDIA', 'Count': 4.0, 'MemoryInfo': {'SizeInMiB': 81920}}], 'TotalGpuMemoryInMiB': 81920}",16.36,,us-southeast-1,,,,
gpu_4x_h100_sxm5,H100,4,104,900,"{'Gpus': [{'Name': 'H100', 'Manufacturer': 'NVIDIA', 'Count': 4.0, 'MemoryInfo': {'SizeInMiB': 81920}}], 'TotalGpuMemoryInMiB': 81920}",16.36,,us-west-3,,,,
gpu_2x_h100_sxm5,H100,2,52,450,"{'Gpus': [{'Name': 'H100', 'Manufacturer': 'NVIDIA', 'Count': 2.0, 'MemoryInfo': {'SizeInMiB': 81920}}], 'TotalGpuMemoryInMiB': 81920}",8.38,,us-east-2,,,,
gpu_2x_h100_sxm5,H100,2,52,450,"{'Gpus': [{'Name': 'H100', 'Manufacturer': 'NVIDIA', 'Count': 2.0, 'MemoryInfo': {'SizeInMiB': 81920}}], 'TotalGpuMemoryInMiB': 81920}",8.38,,us-east-3,,,,
gpu_2x_h100_sxm5,H100,2,52,450,"{'Gpus': [{'Name': 'H100', 'Manufacturer': 'NVIDIA', 'Count': 2.0, 'MemoryInfo': {'SizeInMiB': 81920}}], 'TotalGpuMemoryInMiB': 81920}",8.38,,us-midwest-2,,,,
gpu_2x_h100_sxm5,H100,2,52,450,"{'Gpus': [{'Name': 'H100', 'Manufacturer': 'NVIDIA', 'Count': 2.0, 'MemoryInfo': {'SizeInMiB': 81920}}], 'TotalGpuMemoryInMiB': 81920}",8.38,,us-south-1,,,,
gpu_2x_h100_sxm5,H100,2,52,450,"{'Gpus': [{'Name': 'H100', 'Manufacturer': 'NVIDIA', 'Count': 2.0, 'MemoryInfo': {'SizeInMiB': 81920}}], 'TotalGpuMemoryInMiB': 81920}",8.38,,us-south-2,,,,
gpu_2x_h100_sxm5,H100,2,52,450,"{'Gpus': [{'Name': 'H100', 'Manufacturer': 'NVIDIA', 'Count': 2.0, 'MemoryInfo': {'SizeInMiB': 81920}}], 'TotalGpuMemoryInMiB': 81920}",8.38,,us-south-3,,,,
gpu_2x_h100_sxm5,H100,2,52,450,"{'Gpus': [{'Name': 'H100', 'Manufacturer': 'NVIDIA', 'Count': 2.0, 'MemoryInfo': {'SizeInMiB': 81920}}], 'TotalGpuMemoryInMiB': 81920}",8.38,,us-southeast-1,,,,
gpu_2x_h100_sxm5,H100,2,52,450,"{'Gpus': [{'Name': 'H100', 'Manufacturer': 'NVIDIA', 'Count': 2.0, 'MemoryInfo': {'SizeInMiB': 81920}}], 'TotalGpuMemoryInMiB': 81920}",8.38,,us-west-3,,,,
gpu_1x_h100_sxm5,H100,1,26,225,"{'Gpus': [{'Name': 'H100', 'Manufacturer': 'NVIDIA', 'Count': 1.0, 'MemoryInfo': {'SizeInMiB': 81920}}], 'TotalGpuMemoryInMiB': 81920}",4.29,,us-east-2,,,,
gpu_1x_h100_sxm5,H100,1,26,225,"{'Gpus': [{'Name': 'H100', 'Manufacturer': 'NVIDIA', 'Count': 1.0, 'MemoryInfo': {'SizeInMiB': 81920}}], 'TotalGpuMemoryInMiB': 81920}",4.29,,us-east-3,,,,
gpu_1x_h100_sxm5,H100,1,26,225,"{'Gpus': [{'Name': 'H100', 'Manufacturer': 'NVIDIA', 'Count': 1.0, 'MemoryInfo': {'SizeInMiB': 81920}}], 'TotalGpuMemoryInMiB': 81920}",4.29,,us-midwest-2,,,,
gpu_1x_h100_sxm5,H100,1,26,225,"{'Gpus': [{'Name': 'H100', 'Manufacturer': 'NVIDIA', 'Count': 1.0, 'MemoryInfo': {'SizeInMiB': 81920}}], 'TotalGpuMemoryInMiB': 81920}",4.29,,us-south-1,,,,
gpu_1x_h100_sxm5,H100,1,26,225,"{'Gpus': [{'Name': 'H100', 'Manufacturer': 'NVIDIA', 'Count': 1.0, 'MemoryInfo': {'SizeInMiB': 81920}}], 'TotalGpuMemoryInMiB': 81920}",4.29,,us-south-2,,,,
gpu_1x_h100_sxm5,H100,1,26,225,"{'Gpus': [{'Name': 'H100', 'Manufacturer': 'NVIDIA', 'Count': 1.0, 'MemoryInfo': {'SizeInMiB': 81920}}], 'TotalGpuMemoryInMiB': 81920}",4.29,,us-south-3,,,,
gpu_1x_h100_sxm5,H100,1,26,225,"{'Gpus': [{'Name': 'H100', 'Manufacturer': 'NVIDIA', 'Count': 1.0, 'MemoryInfo': {'SizeInMiB': 81920}}], 'TotalGpuMemoryInMiB': 81920}",4.29,,us-southeast-1,,,,
gpu_1x_h100_sxm5,H100,1,26,225,"{'Gpus': [{'Name': 'H100', 'Manufacturer': 'NVIDIA', 'Count': 1.0, 'MemoryInfo': {'SizeInMiB': 81920}}], 'TotalGpuMemoryInMiB': 81920}",4.29,,us-west-3,,,,
gpu_1x_h100_pcie,H100,1,26,200,"{'Gpus': [{'Name': 'H100', 'Manufacturer': 'NVIDIA', 'Count': 1.0, 'MemoryInfo': {'SizeInMiB': 81920}}], 'TotalGpuMemoryInMiB': 81920}",3.29,,us-east-2,,,,
gpu_1x_h100_pcie,H100,1,26,200,"{'Gpus': [{'Name': 'H100', 'Manufacturer': 'NVIDIA', 'Count': 1.0, 'MemoryInfo': {'SizeInMiB': 81920}}], 'TotalGpuMemoryInMiB': 81920}",3.29,,us-east-3,,,,
gpu_1x_h100_pcie,H100,1,26,200,"{'Gpus': [{'Name': 'H100', 'Manufacturer': 'NVIDIA', 'Count': 1.0, 'MemoryInfo': {'SizeInMiB': 81920}}], 'TotalGpuMemoryInMiB': 81920}",3.29,,us-midwest-2,,,,
gpu_1x_h100_pcie,H100,1,26,200,"{'Gpus': [{'Name': 'H100', 'Manufacturer': 'NVIDIA', 'Count': 1.0, 'MemoryInfo': {'SizeInMiB': 81920}}], 'TotalGpuMemoryInMiB': 81920}",3.29,,us-south-1,,,,
gpu_1x_h100_pcie,H100,1,26,200,"{'Gpus': [{'Name': 'H100', 'Manufacturer': 'NVIDIA', 'Count': 1.0, 'MemoryInfo': {'SizeInMiB': 81920}}], 'TotalGpuMemoryInMiB': 81920}",3.29,,us-south-2,,,,
gpu_1x_h100_pcie,H100,1,26,200,"{'Gpus': [{'Name': 'H100', 'Manufacturer': 'NVIDIA', 'Count': 1.0, 'MemoryInfo': {'SizeInMiB': 81920}}], 'TotalGpuMemoryInMiB': 81920}",3.29,,us-south-3,,,,
gpu_1x_h100_pcie,H100,1,26,200,"{'Gpus': [{'Name': 'H100', 'Manufacturer': 'NVIDIA', 'Count': 1.0, 'MemoryInfo': {'SizeInMiB': 81920}}], 'TotalGpuMemoryInMiB': 81920}",3.29,,us-southeast-1,,,,
gpu_1x_h100_pcie,H100,1,26,200,"{'Gpus': [{'Name': 'H100', 'Manufacturer': 'NVIDIA', 'Count': 1.0, 'MemoryInfo': {'SizeInMiB': 81920}}], 'TotalGpuMemoryInMiB': 81920}",3.29,,us-west-3,,,,
gpu_1x_rtx6000,RTX6000,1,14,46,"{'Gpus': [{'Name': 'RTX6000', 'Manufacturer': 'NVIDIA', 'Count': 1.0, 'MemoryInfo': {'SizeInMiB': 24576}}], 'TotalGpuMemoryInMiB': 24576}",0.69,,us-east-2,,,,
gpu_1x_rtx6000,RTX6000,1,14,46,"{'Gpus': [{'Name': 'RTX6000', 'Manufacturer': 'NVIDIA', 'Count': 1.0, 'MemoryInfo': {'SizeInMiB': 24576}}], 'TotalGpuMemoryInMiB': 24576}",0.69,,us-east-3,,,,
gpu_1x_rtx6000,RTX6000,1,14,46,"{'Gpus': [{'Name': 'RTX6000', 'Manufacturer': 'NVIDIA', 'Count': 1.0, 'MemoryInfo': {'SizeInMiB': 24576}}], 'TotalGpuMemoryInMiB': 24576}",0.69,,us-midwest-2,,,,
gpu_1x_rtx6000,RTX6000,1,14,46,"{'Gpus': [{'Name': 'RTX6000', 'Manufacturer': 'NVIDIA', 'Count': 1.0, 'MemoryInfo': {'SizeInMiB': 24576}}], 'TotalGpuMemoryInMiB': 24576}",0.69,,us-south-1,,,,
gpu_1x_rtx6000,RTX6000,1,14,46,"{'Gpus': [{'Name': 'RTX6000', 'Manufacturer': 'NVIDIA', 'Count': 1.0, 'MemoryInfo': {'SizeInMiB': 24576}}], 'TotalGpuMemoryInMiB': 24576}",0.69,,us-south-2,,,,
gpu_1x_rtx6000,RTX6000,1,14,46,"{'Gpus': [{'Name': 'RTX6000', 'Manufacturer': 'NVIDIA', 'Count': 1.0, 'MemoryInfo': {'SizeInMiB': 24576}}], 'TotalGpuMemoryInMiB': 24576}",0.69,,us-south-3,,,,
gpu_1x_rtx6000,RTX6000,1,14,46,"{'Gpus': [{'Name': 'RTX6000', 'Manufacturer': 'NVIDIA', 'Count': 1.0, 'MemoryInfo': {'SizeInMiB': 24576}}], 'TotalGpuMemoryInMiB': 24576}",0.69,,us-southeast-1,,,,
gpu_1x_rtx6000,RTX6000,1,14,46,"{'Gpus': [{'Name': 'RTX6000', 'Manufacturer': 'NVIDIA', 'Count': 1.0, 'MemoryInfo': {'SizeInMiB': 24576}}], 'TotalGpuMemoryInMiB': 24576}",0.69,,us-west-3,,,,
gpu_1x_a100,A100,1,30,200,"{'Gpus': [{'Name': 'A100', 'Manufacturer': 'NVIDIA', 'Count': 1.0, 'MemoryInfo': {'SizeInMiB': 40960}}], 'TotalGpuMemoryInMiB': 40960}",1.99,,us-east-2,,,,
gpu_1x_a100,A100,1,30,200,"{'Gpus': [{'Name': 'A100', 'Manufacturer': 'NVIDIA', 'Count': 1.0, 'MemoryInfo': {'SizeInMiB': 40960}}], 'TotalGpuMemoryInMiB': 40960}",1.99,,us-east-3,,,,
gpu_1x_a100,A100,1,30,200,"{'Gpus': [{'Name': 'A100', 'Manufacturer': 'NVIDIA', 'Count': 1.0, 'MemoryInfo': {'SizeInMiB': 40960}}], 'TotalGpuMemoryInMiB': 40960}",1.99,,us-midwest-2,,,,
gpu_1x_a100,A100,1,30,200,"{'Gpus': [{'Name': 'A100', 'Manufacturer': 'NVIDIA', 'Count': 1.0, 'MemoryInfo': {'SizeInMiB': 40960}}], 'TotalGpuMemoryInMiB': 40960}",1.99,,us-south-1,,,,
gpu_1x_a100,A100,1,30,200,"{'Gpus': [{'Name': 'A100', 'Manufacturer': 'NVIDIA', 'Count': 1.0, 'MemoryInfo': {'SizeInMiB': 40960}}], 'TotalGpuMemoryInMiB': 40960}",1.99,,us-south-2,,,,
gpu_1x_a100,A100,1,30,200,"{'Gpus': [{'Name': 'A100', 'Manufacturer': 'NVIDIA', 'Count': 1.0, 'MemoryInfo': {'SizeInMiB': 40960}}], 'TotalGpuMemoryInMiB': 40960}",1.99,,us-south-3,,,,
gpu_1x_a100,A100,1,30,200,"{'Gpus': [{'Name': 'A100', 'Manufacturer': 'NVIDIA', 'Count': 1.0, 'MemoryInfo': {'SizeInMiB': 40960}}], 'TotalGpuMemoryInMiB': 40960}",1.99,,us-southeast-1,,,,
gpu_1x_a100,A100,1,30,200,"{'Gpus': [{'Name': 'A100', 'Manufacturer': 'NVIDIA', 'Count': 1.0, 'MemoryInfo': {'SizeInMiB': 40960}}], 'TotalGpuMemoryInMiB': 40960}",1.99,,us-west-3,,,,
gpu_2x_a100,A100,2,60,400,"{'Gpus': [{'Name': 'A100', 'Manufacturer': 'NVIDIA', 'Count': 2.0, 'MemoryInfo': {'SizeInMiB': 40960}}], 'TotalGpuMemoryInMiB': 40960}",3.98,,us-east-2,,,,
gpu_2x_a100,A100,2,60,400,"{'Gpus': [{'Name': 'A100', 'Manufacturer': 'NVIDIA', 'Count': 2.0, 'MemoryInfo': {'SizeInMiB': 40960}}], 'TotalGpuMemoryInMiB': 40960}",3.98,,us-east-3,,,,
gpu_2x_a100,A100,2,60,400,"{'Gpus': [{'Name': 'A100', 'Manufacturer': 'NVIDIA', 'Count': 2.0, 'MemoryInfo': {'SizeInMiB': 40960}}], 'TotalGpuMemoryInMiB': 40960}",3.98,,us-midwest-2,,,,
gpu_2x_a100,A100,2,60,400,"{'Gpus': [{'Name': 'A100', 'Manufacturer': 'NVIDIA', 'Count': 2.0, 'MemoryInfo': {'SizeInMiB': 40960}}], 'TotalGpuMemoryInMiB': 40960}",3.98,,us-south-1,,,,
gpu_2x_a100,A100,2,60,400,"{'Gpus': [{'Name': 'A100', 'Manufacturer': 'NVIDIA', 'Count': 2.0, 'MemoryInfo': {'SizeInMiB': 40960}}], 'TotalGpuMemoryInMiB': 40960}",3.98,,us-south-2,,,,
gpu_2x_a100,A100,2,60,400,"{'Gpus': [{'Name': 'A100', 'Manufacturer': 'NVIDIA', 'Count': 2.0, 'MemoryInfo': {'SizeInMiB': 40960}}], 'TotalGpuMemoryInMiB': 40960}",3.98,,us-south-3,,,,
gpu_2x_a100,A100,2,60,400,"{'Gpus': [{'Name': 'A100', 'Manufacturer': 'NVIDIA', 'Count': 2.0, 'MemoryInfo': {'SizeInMiB': 40960}}], 'TotalGpuMemoryInMiB': 40960}",3.98,,us-southeast-1,,,,
gpu_2x_a100,A100,2,60,400,"{'Gpus': [{'Name': 'A100', 'Manufacturer': 'NVIDIA', 'Count': 2.0, 'MemoryInfo': {'SizeInMiB': 40960}}], 'TotalGpuMemoryInMiB': 40960}",3.98,,us-west-3,,,,
gpu_4x_a100,A100,4,120,800,"{'Gpus': [{'Name': 'A100', 'Manufacturer': 'NVIDIA', 'Count': 4.0, 'MemoryInfo': {'SizeInMiB': 40960}}], 'TotalGpuMemoryInMiB': 40960}",7.96,,us-east-2,,,,
gpu_4x_a100,A100,4,120,800,"{'Gpus': [{'Name': 'A100', 'Manufacturer': 'NVIDIA', 'Count': 4.0, 'MemoryInfo': {'SizeInMiB': 40960}}], 'TotalGpuMemoryInMiB': 40960}",7.96,,us-east-3,,,,
gpu_4x_a100,A100,4,120,800,"{'Gpus': [{'Name': 'A100', 'Manufacturer': 'NVIDIA', 'Count': 4.0, 'MemoryInfo': {'SizeInMiB': 40960}}], 'TotalGpuMemoryInMiB': 40960}",7.96,,us-midwest-2,,,,
gpu_4x_a100,A100,4,120,800,"{'Gpus': [{'Name': 'A100', 'Manufacturer': 'NVIDIA', 'Count': 4.0, 'MemoryInfo': {'SizeInMiB': 40960}}], 'TotalGpuMemoryInMiB': 40960}",7.96,,us-south-1,,,,
gpu_4x_a100,A100,4,120,800,"{'Gpus': [{'Name': 'A100', 'Manufacturer': 'NVIDIA', 'Count': 4.0, 'MemoryInfo': {'SizeInMiB': 40960}}], 'TotalGpuMemoryInMiB': 40960}",7.96,,us-south-2,,,,
gpu_4x_a100,A100,4,120,800,"{'Gpus': [{'Name': 'A100', 'Manufacturer': 'NVIDIA', 'Count': 4.0, 'MemoryInfo': {'SizeInMiB': 40960}}], 'TotalGpuMemoryInMiB': 40960}",7.96,,us-south-3,,,,
gpu_4x_a100,A100,4,120,800,"{'Gpus': [{'Name': 'A100', 'Manufacturer': 'NVIDIA', 'Count': 4.0, 'MemoryInfo': {'SizeInMiB': 40960}}], 'TotalGpuMemoryInMiB': 40960}",7.96,,us-southeast-1,,,,
gpu_4x_a100,A100,4,120,800,"{'Gpus': [{'Name': 'A100', 'Manufacturer': 'NVIDIA', 'Count': 4.0, 'MemoryInfo': {'SizeInMiB': 40960}}], 'TotalGpuMemoryInMiB': 40960}",7.96,,us-west-3,,,,
gpu_1x_a6000,A6000,1,14,100,"{'Gpus': [{'Name': 'A6000', 'Manufacturer': 'NVIDIA', 'Count': 1.0, 'MemoryInfo': {'SizeInMiB': 49152}}], 'TotalGpuMemoryInMiB': 49152}",1.09,,us-east-2,,,,
gpu_1x_a6000,A6000,1,14,100,"{'Gpus': [{'Name': 'A6000', 'Manufacturer': 'NVIDIA', 'Count': 1.0, 'MemoryInfo': {'SizeInMiB': 49152}}], 'TotalGpuMemoryInMiB': 49152}",1.09,,us-east-3,,,,
gpu_1x_a6000,A6000,1,14,100,"{'Gpus': [{'Name': 'A6000', 'Manufacturer': 'NVIDIA', 'Count': 1.0, 'MemoryInfo': {'SizeInMiB': 49152}}], 'TotalGpuMemoryInMiB': 49152}",1.09,,us-midwest-2,,,,
gpu_1x_a6000,A6000,1,14,100,"{'Gpus': [{'Name': 'A6000', 'Manufacturer': 'NVIDIA', 'Count': 1.0, 'MemoryInfo': {'SizeInMiB': 49152}}], 'TotalGpuMemoryInMiB': 49152}",1.09,,us-south-1,,,,
gpu_1x_a6000,A6000,1,14,100,"{'Gpus': [{'Name': 'A6000', 'Manufacturer': 'NVIDIA', 'Count': 1.0, 'MemoryInfo': {'SizeInMiB': 49152}}], 'TotalGpuMemoryInMiB': 49152}",1.09,,us-south-2,,,,
gpu_1x_a6000,A6000,1,14,100,"{'Gpus': [{'Name': 'A6000', 'Manufacturer': 'NVIDIA', 'Count': 1.0, 'MemoryInfo': {'SizeInMiB': 49152}}], 'TotalGpuMemoryInMiB': 49152}",1.09,,us-south-3,,,,
gpu_1x_a6000,A6000,1,14,100,"{'Gpus': [{'Name': 'A6000', 'Manufacturer': 'NVIDIA', 'Count': 1.0, 'MemoryInfo': {'SizeInMiB': 49152}}], 'TotalGpuMemoryInMiB': 49152}",1.09,,us-southeast-1,,,,
gpu_1x_a6000,A6000,1,14,100,"{'Gpus': [{'Name': 'A6000', 'Manufacturer': 'NVIDIA', 'Count': 1.0, 'MemoryInfo': {'SizeInMiB': 49152}}], 'TotalGpuMemoryInMiB': 49152}",1.09,,us-west-3,,,,
gpu_2x_a6000,A6000,2,28,200,"{'Gpus': [{'Name': 'A6000', 'Manufacturer': 'NVIDIA', 'Count': 2.0, 'MemoryInfo': {'SizeInMiB': 49152}}], 'TotalGpuMemoryInMiB': 49152}",2.18,,us-east-2,,,,
gpu_2x_a6000,A6000,2,28,200,"{'Gpus': [{'Name': 'A6000', 'Manufacturer': 'NVIDIA', 'Count': 2.0, 'MemoryInfo': {'SizeInMiB': 49152}}], 'TotalGpuMemoryInMiB': 49152}",2.18,,us-east-3,,,,
gpu_2x_a6000,A6000,2,28,200,"{'Gpus': [{'Name': 'A6000', 'Manufacturer': 'NVIDIA', 'Count': 2.0, 'MemoryInfo': {'SizeInMiB': 49152}}], 'TotalGpuMemoryInMiB': 49152}",2.18,,us-midwest-2,,,,
gpu_2x_a6000,A6000,2,28,200,"{'Gpus': [{'Name': 'A6000', 'Manufacturer': 'NVIDIA', 'Count': 2.0, 'MemoryInfo': {'SizeInMiB': 49152}}], 'TotalGpuMemoryInMiB': 49152}",2.18,,us-south-1,,,,
gpu_2x_a6000,A6000,2,28,200,"{'Gpus': [{'Name': 'A6000', 'Manufacturer': 'NVIDIA', 'Count': 2.0, 'MemoryInfo': {'SizeInMiB': 49152}}], 'TotalGpuMemoryInMiB': 49152}",2.18,,us-south-2,,,,
gpu_2x_a6000,A6000,2,28,200,"{'Gpus': [{'Name': 'A6000', 'Manufacturer': 'NVIDIA', 'Count': 2.0, 'MemoryInfo': {'SizeInMiB': 49152}}], 'TotalGpuMemoryInMiB': 49152}",2.18,,us-south-3,,,,
gpu_2x_a6000,A6000,2,28,200,"{'Gpus': [{'Name': 'A6000', 'Manufacturer': 'NVIDIA', 'Count': 2.0, 'MemoryInfo': {'SizeInMiB': 49152}}], 'TotalGpuMemoryInMiB': 49152}",2.18,,us-southeast-1,,,,
gpu_2x_a6000,A6000,2,28,200,"{'Gpus': [{'Name': 'A6000', 'Manufacturer': 'NVIDIA', 'Count': 2.0, 'MemoryInfo': {'SizeInMiB': 49152}}], 'TotalGpuMemoryInMiB': 49152}",2.18,,us-west-3,,,,
gpu_4x_a6000,A6000,4,56,400,"{'Gpus': [{'Name': 'A6000', 'Manufacturer': 'NVIDIA', 'Count': 4.0, 'MemoryInfo': {'SizeInMiB': 49152}}], 'TotalGpuMemoryInMiB': 49152}",4.36,,us-east-2,,,,
gpu_4x_a6000,A6000,4,56,400,"{'Gpus': [{'Name': 'A6000', 'Manufacturer': 'NVIDIA', 'Count': 4.0, 'MemoryInfo': {'SizeInMiB': 49152}}], 'TotalGpuMemoryInMiB': 49152}",4.36,,us-east-3,,,,
gpu_4x_a6000,A6000,4,56,400,"{'Gpus': [{'Name': 'A6000', 'Manufacturer': 'NVIDIA', 'Count': 4.0, 'MemoryInfo': {'SizeInMiB': 49152}}], 'TotalGpuMemoryInMiB': 49152}",4.36,,us-midwest-2,,,,
gpu_4x_a6000,A6000,4,56,400,"{'Gpus': [{'Name': 'A6000', 'Manufacturer': 'NVIDIA', 'Count': 4.0, 'MemoryInfo': {'SizeInMiB': 49152}}], 'TotalGpuMemoryInMiB': 49152}",4.36,,us-south-1,,,,
gpu_4x_a6000,A6000,4,56,400,"{'Gpus': [{'Name': 'A6000', 'Manufacturer': 'NVIDIA', 'Count': 4.0, 'MemoryInfo': {'SizeInMiB': 49152}}], 'TotalGpuMemoryInMiB': 49152}",4.36,,us-south-2,,,,
gpu_4x_a6000,A6000,4,56,400,"{'Gpus': [{'Name': 'A6000', 'Manufacturer': 'NVIDIA', 'Count': 4.0, 'MemoryInfo': {'SizeInMiB': 49152}}], 'TotalGpuMemoryInMiB': 49152}",4.36,,us-south-3,,,,
gpu_4x_a6000,A6000,4,56,400,"{'Gpus': [{'Name': 'A6000', 'Manufacturer': 'NVIDIA', 'Count': 4.0, 'MemoryInfo': {'SizeInMiB': 49152}}], 'TotalGpuMemoryInMiB': 49152}",4.36,,us-southeast-1,,,,
gpu_4x_a6000,A6000,4,56,400,"{'Gpus': [{'Name': 'A6000', 'Manufacturer': 'NVIDIA', 'Count': 4.0, 'MemoryInfo': {'SizeInMiB': 49152}}], 'TotalGpuMemoryInMiB': 49152}",4.36,,us-west-3,,,,
gpu_8x_v100,V100,8,92,448,"{'Gpus': [{'Name': 'V100', 'Manufacturer': 'NVIDIA', 'Count': 8.0, 'MemoryInfo': {'SizeInMiB': 16384}}], 'TotalGpuMemoryInMiB': 16384}",6.32,,us-east-2,,,,
gpu_8x_v100,V100,8,92,448,"{'Gpus': [{'Name': 'V100', 'Manufacturer': 'NVIDIA', 'Count': 8.0, 'MemoryInfo': {'SizeInMiB': 16384}}], 'TotalGpuMemoryInMiB': 16384}",6.32,,us-east-3,,,,
gpu_8x_v100,V100,8,92,448,"{'Gpus': [{'Name': 'V100', 'Manufacturer': 'NVIDIA', 'Count': 8.0, 'MemoryInfo': {'SizeInMiB': 16384}}], 'TotalGpuMemoryInMiB': 16384}",6.32,,us-midwest-2,,,,
gpu_8x_v100,V100,8,92,448,"{'Gpus': [{'Name': 'V100', 'Manufacturer': 'NVIDIA', 'Count': 8.0, 'MemoryInfo': {'SizeInMiB': 16384}}], 'TotalGpuMemoryInMiB': 16384}",6.32,,us-south-1,,,,
gpu_8x_v100,V100,8,92,448,"{'Gpus': [{'Name': 'V100', 'Manufacturer': 'NVIDIA', 'Count': 8.0, 'MemoryInfo': {'SizeInMiB': 16384}}], 'TotalGpuMemoryInMiB': 16384}",6.32,,us-south-2,,,,
gpu_8x_v100,V100,8,92,448,"{'Gpus': [{'Name': 'V100', 'Manufacturer': 'NVIDIA', 'Count': 8.0, 'MemoryInfo': {'SizeInMiB': 16384}}], 'TotalGpuMemoryInMiB': 16384}",6.32,,us-south-3,,,,
gpu_8x_v100,V100,8,92,448,"{'Gpus': [{'Name': 'V100', 'Manufacturer': 'NVIDIA', 'Count': 8.0, 'MemoryInfo': {'SizeInMiB': 16384}}], 'TotalGpuMemoryInMiB': 16384}",6.32,,us-southeast-1,,,,
gpu_8x_v100,V100,8,92,448,"{'Gpus': [{'Name': 'V100', 'Manufacturer': 'NVIDIA', 'Count': 8.0, 'MemoryInfo': {'SizeInMiB': 16384}}], 'TotalGpuMemoryInMiB': 16384}",6.32,,us-west-3,,,,
gpu_8x_v100_n,V100,8,88,448,"{'Gpus': [{'Name': 'V100', 'Manufacturer': 'NVIDIA', 'Count': 8.0, 'MemoryInfo': {'SizeInMiB': 16384}}], 'TotalGpuMemoryInMiB': 16384}",6.32,,us-east-2,,,,
gpu_8x_v100_n,V100,8,88,448,"{'Gpus': [{'Name': 'V100', 'Manufacturer': 'NVIDIA', 'Count': 8.0, 'MemoryInfo': {'SizeInMiB': 16384}}], 'TotalGpuMemoryInMiB': 16384}",6.32,,us-east-3,,,,
gpu_8x_v100_n,V100,8,88,448,"{'Gpus': [{'Name': 'V100', 'Manufacturer': 'NVIDIA', 'Count': 8.0, 'MemoryInfo': {'SizeInMiB': 16384}}], 'TotalGpuMemoryInMiB': 16384}",6.32,,us-midwest-2,,,,
gpu_8x_v100_n,V100,8,88,448,"{'Gpus': [{'Name': 'V100', 'Manufacturer': 'NVIDIA', 'Count': 8.0, 'MemoryInfo': {'SizeInMiB': 16384}}], 'TotalGpuMemoryInMiB': 16384}",6.32,,us-south-1,,,,
gpu_8x_v100_n,V100,8,88,448,"{'Gpus': [{'Name': 'V100', 'Manufacturer': 'NVIDIA', 'Count': 8.0, 'MemoryInfo': {'SizeInMiB': 16384}}], 'TotalGpuMemoryInMiB': 16384}",6.32,,us-south-2,,,,
gpu_8x_v100_n,V100,8,88,448,"{'Gpus': [{'Name': 'V100', 'Manufacturer': 'NVIDIA', 'Count': 8.0, 'MemoryInfo': {'SizeInMiB': 16384}}], 'TotalGpuMemoryInMiB': 16384}",6.32,,us-south-3,,,,
gpu_8x_v100_n,V100,8,88,448,"{'Gpus': [{'Name': 'V100', 'Manufacturer': 'NVIDIA', 'Count': 8.0, 'MemoryInfo': {'SizeInMiB': 16384}}], 'TotalGpuMemoryInMiB': 16384}",6.32,,us-southeast-1,,,,
gpu_8x_v100_n,V100,8,88,448,"{'Gpus': [{'Name': 'V100', 'Manufacturer': 'NVIDIA', 'Count': 8.0, 'MemoryInfo': {'SizeInMiB': 16384}}], 'TotalGpuMemoryInMiB': 16384}",6.32,,us-west-3,,,,
cpu_4x_general,,,4,16,,0.2,,us-east-2,,,,
cpu_4x_general,,,4,16,,0.2,,us-east-3,,,,
cpu_4x_general,,,4,16,,0.2,,us-midwest-2,,,,
cpu_4x_general,,,4,16,,0.2,,us-south-1,,,,
cpu_4x_general,,,4,16,,0.2,,us-south-2,,,,
cpu_4x_general,,,4,16,,0.2,,us-south-3,,,,
cpu_4x_general,,,4,16,,0.2,,us-southeast-1,,,,
cpu_4x_general,,,4,16,,0.2,,us-west-3,,,,
cpu_4x_generalx,,,4,16,,0.2,,us-east-2,,,,
cpu_4x_generalx,,,4,16,,0.2,,us-east-3,,,,
cpu_4x_generalx,,,4,16,,0.2,,us-midwest-2,,,,
cpu_4x_generalx,,,4,16,,0.2,,us-south-1,,,,
cpu_4x_generalx,,,4,16,,0.2,,us-south-2,,,,
cpu_4x_generalx,,,4,16,,0.2,,us-south-3,,,,
cpu_4x_generalx,,,4,16,,0.2,,us-southeast-1,,,,
cpu_4x_generalx,,,4,16,,0.2,,us-west-3,,,,
